編號	名稱	分類	子分類	會長頭銜	會長姓名	成立日期	電話	核准立案字號	會址
1	臺灣植物保護工業同業公會	職業團體	(台灣區工業團體)	理事長	翁惠清  先生	51/02/01	02-25034666		台北市建國北路二段96號7樓
2	中華民國人壽保險商業同業公會	職業團體	(全國性商業同業公會)	理事長	許舒博  先生	87/09/10	02-25612144		台北市松江路152號5樓
3	中華民國土木包工商業同業公會全國聯合會	職業團體	(全國性商業團體-聯合會)	理事長	劉東生  先生	88/07/12			桃園縣龍潭鄉福龍路2段285巷16號
4	中華民國土木技師公會全國聯合會	職業團體	(全國性自由職業團體)	理事長	施義芳  先生	81/01/20	02-2748-1699		10565台北市松山區東興路26號9樓
5	中華民國大地工程技師公會	職業團體	(全國性自由職業團體)	理事長	周功台  先生		02-27357693		台北市信義區吳興街118巷26弄17號5樓
6	中華民國小客車租賃商業同業公會全國聯合會	職業團體	(全國性商業團體-聯合會)	理事長	黃瑞榮  先生	88/11/24	07-3341015		高雄市前鎮區中山二路166號
7	中華民國工程技術顧問商業同業公會	職業團體	(全國性商業同業公會)	理事長	李建中  先生	92/12/05	(02)2834-2555		台北市中山北路6段89號17樓
8	中華民國工礦安全衛生技師公會全國聯合會	職業團體	(全國性自由職業團體)	理事長	黃獻平  先生	82/07/25	（02）23312487		台北市中正區忠孝西路1段45號403室
9	中華民國不動產代銷經紀商業同業公會全國聯合會	職業團體	(全國性商業團體-聯合會)	理事長	黃烱輝  先生	97/12/26	02-27133568	0980000738	臺北市信義區忠孝東路5段508號26樓
10	中華民國不動產仲介經紀商業同業公會全國聯合會	職業團體	(全國性商業團體-聯合會)	理事長	李同榮  先生	83/04/25	02-23582535		臺北市中正區北平東路20號7樓之1
11	中華民國不動產估價師公會全國聯合會	職業團體	(全國性自由職業團體)	理事長	陳   諶  先生	94/03/12	02-25592801		台北市長安西路82號6樓
12	中華民國中華民國不動產開發商業同業公會全國聯合會	職業團體	(全國性商業團體-聯合會)	理事長	吳寶田  先生	81/03/31	02-27405665		台北市安和路一段29號8樓
13	中華民國中醫師公會全國聯合會	職業團體	(全國性自由職業團體)	理事長	何永成  先生	34/10/25	02-23029339		台北縣板橋市民生路1段33號11樓之2
14	中華民國中藥商業同業公會全國聯合會	職業團體	(全國性商業團體-聯合會)	理事長	朱溥霖  先生	75/11/14	02-25587355		台北市大同區塔城街37號8樓之一
15	中華民國五金商業同業公會全國聯合會	職業團體	(全國性商業團體-聯合會)	理事長	黃清官  先生	81/06/17	03-4612086		桃園縣中壢市環北路558號
16	中華民國公共汽車客運商業同業公會全國聯合會	職業團體	(全國性商業團體-聯合會)	理事長	王應傑  先生	86/12/18	（02）2708-0041		台北市復興南路1段243號4樓之1
17	中華民國公益彩券經銷商商業同業公會	職業團體	(全國性商業同業公會)	理事長	吳旻陵  先生	92/02/27	07-2860413		高雄市前金區七賢2路168號
18	中華民國太陽光電發電系統商業同業公會	職業團體	(全國性商業同業公會)	理事長	林山城  先生	99/07/09	04-2534.3029	0990703734	新北市新店區北新路1段89號14樓之3
19	中華民國太陽熱能商業同業公會	職業團體	(全國性商業同業公會)	理事長	黃正忠  先生	98/06/16	04-24613314		
20	中華民國木材商業同業公會全國聯合會	職業團體	(全國性商業團體-聯合會)	理事長	黃文龍  先生	99/03/26	02-22675560	0990007263	
21	中華民國水土保持技師公會全國聯合會	職業團體	(全國性自由職業團體)	理事長	黃志彰  先生	89/06/17	（02）2253-8151		新北市板橋區雙十路二段143號4樓
22	中華民國水利技師公會全國聯合會	職業團體	(全國性自由職業團體)	理事長	陳明信  先生	88/01/30	02-27912725		台北縣汐止市新台五路一段81號10樓之4
23	中華民國水族類商業同業公會	職業團體	(全國性商業同業公會)	理事長	李峰成  先生	100/10/01		1000022316	
24	中華民國牙醫師公會全國聯合會	職業團體	(全國性自由職業團體)	理事長	劉俊言  先生	71/01/10	02-25000133		104台北市中山區復興北路420號10樓
25	中華民國出版商業同業公會全國聯合會	職業團體	(全國性商業團體-聯合會)	理事長	楊克齊  先生	102/07/26	02-23706769	1025932526	臺北市中正區懷寧街112號4樓
26	中華民國加油站商業同業公會全國聯合會	職業團體	(全國性商業團體-聯合會)		  	99/02/04	07-3223216		高雄市小港區高鳳路272號
27	中華民國布商業同業公會全國聯合會	職業團體	(全國性商業團體-聯合會)	理事長	蔡國司  先生	78/05/17			
28	中華民國民用航空人員專業技職公會	職業團體	(全國性自由職業團體)	理事長	甘國秀  先生	95/06/11	03-3576562	內授中社0950009516	桃園縣蘆竹鄉奉化路27-9號2樓
29	中華民國民航機師公會	職業團體	(全國性自由職業團體)	理事長	謝忠棡  先生	95/09/25	02-25456100-1	內授中社0950014423	台北市康寧路三段165巷25弄6號2樓
30	中華民國石油商業同業公會全國聯合會	職業團體	(全國性商業團體-聯合會)	理事長	邱永堂  先生	90/01/31	02-87126336		台北市敦化北路207號407室
31	中華民國全國工業總會	職業團體	(全國性工業團體-聯合會)	理事長	許勝雄  先生	37/10/11	02-27033500		台北市復興南路一段390號12樓
32	中華民國全國建築師公會	職業團體	(全國性自由職業團體)	理事長	許俊美  先生	69/03/03	2377-5108		台北市基隆路2段51號13樓之3
33	中華民國全國商業總會	職業團體	(全國性商業團體-聯合會)	理事長	賴正鎰  先生	35/11/01	02-27012671		10656台北市大安區復興南路1段390號6樓
34	中華民國全國教育會	職業團體	(全國性自由職業團體)	理事長	林耀東  先生	76/01/15	（04）7200651		彰化市民生路37號
35	中華民國全國教師會	職業團體	(全國性自由職業團體)	理事長	劉欽旭  先生	88/02/01	02-25675117		10448台北市中山北路2段99號4樓之1
36	中華民國全國營造業工地主任公會	職業團體	(全國性自由職業團體)	理事長	陳憲治  先生	95/03/29	02-22408183	內授中社字第0980001882號(換)	台北市大安區濟南路3段28號1樓
37	中華民國地政士公會全國聯合會	職業團體	(全國性自由職業團體)	理事長	蘇榮淇  先生	83/12/28	02-25503434		台北市大同區長安西路29號4樓
38	中華民國米穀商業同業公會全國聯合會	職業團體	(全國性商業團體-聯合會)	理事長	吳源昌  先生	100/12/17	02-29867375	1015930334	新北市三重區中正北路18號4樓之9
39	中華民國自行車商業同業公會全國聯合會	職業團體	(全國性商業團體-聯合會)	理事長	黃榮一  先生	90/03/21	04-23727927		臺南市永康區永康工業區興工路24號
40	中華民國自動販賣商業同業公會全國聯合會	職業團體	(全國性商業團體-聯合會)	理事長	魏文彬  先生	102/05/14	04-23805420	1025058178	
41	中華民國西藥代理商業同業公會	職業團體	(全國性商業同業公會)	理事長	陳世雄  先生	88/10/26	02-25027121		台北市建國北路二段87號10樓之1
42	中華民國西藥商業同業公會全國聯合會	職業團體	(全國性商業團體-聯合會)	理事長	李榮煌  先生	79/01/06	02-2555-1466		台北市大同區承德路一段八號六樓
43	中華民國冷凍空調技師公會全國聯合會	職業團體	(全國性自由職業團體)	理事長	陳輝俊  先生	84/10/21	（02）2702-8931		台北市大安區安和路2段19號6樓
44	中華民國助產師助產士公會全國聯合會	職業團體	(全國性自由職業團體)	理事長	黃鶴珠  女士	94/11/17	07-3222118		高雄市三民區十全二路317號4樓
45	中華民國助聽器商業同業公會全國聯合會	職業團體	(全國性商業團體-聯合會)	理事長	張錫忠  先生	100/03/05	02-2371.9049	1000006400	台北市重慶南路1段121號5樓之7
46	中華民國汽車材料商業同業公會全國聯合會	職業團體	(全國性商業團體-聯合會)	理事長	辛宗人  先生	96/04/15	07-7471670		高雄縣鳳山市鳳明街93號
47	中華民國汽車保養商業同業公會全國聯合會	職業團體	(全國性工業團體-聯合會)	理事長	柯育沅  先生		04786-9539		彰化縣花壇鄉中山路2段516號
48	中華民國汽車商業同業公會全國聯合會	職業團體	(全國性商業團體-聯合會)	理事長	戴成煜  先生	88/01/29	02-22656125		新北市土城區中華路2段61號
49	中華民國汽車貨運商業同業公會全國聯合會	職業團體	(全國性商業團體-聯合會)	理事長	梁國山  先生	75/02/05	02-27026023		台北市大安區信義路三段一六二號之三十(七樓)
50	中華民國汽車貨櫃貨運商業同業公會全國聯合會	職業團體	(全國性商業團體-聯合會)	理事長	范振修  先生	100/03/24	02-23702103	1000008161	臺北市忠孝西路一段41號13樓之11
51	中華民國汽車輪胎商業同業公會全國聯合會	職業團體	(全國性商業團體-聯合會)	理事長	陳文欽  先生	99/01/10	04-23851515	0990001488	台中市南屯區惠中路3段56巷18號
52	中華民國男子理燙髮商業同業公會全國聯合會	職業團體	(全國性商業團體-聯合會)	理事長	林俊雄  先生	93/02/25	0225023991		臺北市南京東路3段19號11F
53	中華民國豆腐商業同業公會全國聯合會	職業團體	(全國性商業團體-聯合會)	理事長	詹武雄  先生	102/01/07	04-25245265	1025930263	臺中市豐原區中山路252號
54	中華民國防火門商業同業公會	職業團體	(全國性商業同業公會)	理事長	林宗籐  先生	101/07/14	02-29991397	1015934160	
55	中華民國刻印商業同業公會全國聯合會	職業團體	(全國性商業團體-聯合會)	理事長	許欽薰  先生	101/03/17	04-22125880		臺中市東區雙十路1段4之33號8樓
56	中華民國呼吸治療師公會全國聯合會	職業團體	(全國性自由職業團體)	理事長	朱家成  先生	95/12/03	03-3971541	內授中社0950017958	桃園縣龜山鄉復興街5號2樓呼吸治療科
57	中華民國法醫師公會	職業團體	(全國性自由職業團體)	理事長	邱清華  先生	97/03/03	02-23123456轉5492、5489	內授中社字第0970004358號	台北市中山南路7號3樓台大法醫學所
58	中華民國物理治療生公會全國聯合會	職業團體	(全國性自由職業團體)	理事長	蔡昇鴻  	102/02/03	04-22615022	1025930973	420臺中市南區大慶街2段7巷37號6樓
59	中華民國物理治療師公會全國聯合會	職業團體	(全國性自由職業團體)	理事長	楊政峯  先生	88/07/25	04-23597878		台中市南屯區區向心南路892巷31號
60	中華民國社會工作師公會全國聯合會	職業團體	(全國性自由職業團體)	理事長	陳明珍  女士	91/10/19	06-6567005		臺南市新營區中正路94-1號
61	中華民國金銀珠寶商業同業公會全國聯合會	職業團體	(全國性商業同業公會)	理事長	蘇宗光  先生				高雄市路竹區中山路568號
62	中華民國金融機構不良資產管理商業同業公會	職業團體	(全國性商業同業公會)	理事長	林資雄  先生	97/08/08	02-77205188	0970703267	臺北縣板橋市三民路1段216號13樓A室
63	中華民國金屬家具商業同業公會全國聯合會	職業團體	(全國性商業團體-聯合會)	理事長	呂三郎  先生	102/04/06	02-23114679	1025056609	臺北市開封街1段42號4樓
64	中華民國青果商業同業公會全國聯合會	職業團體	(全國性商業團體-聯合會)	理事長	邱進福  先生	96/02/25	0912188830		屏東市崇陽街155巷25號
65	中華民國非破壞檢測商業同業公會	職業團體	(全國性商業同業公會)	理事長	林富貴  先生	92/08/31	07-3528708		高雄市楠梓區楠陽路81號8樓
66	中華民國非破壞檢測從業人員公會	職業團體	(全國性自由職業團體)	理事長	吳肅金  先生	91/09/28	02-2561-3456		104台北市中山區吉林路218巷21號
67	中華民國信託業商業同業公會	職業團體	(全國性商業同業公會)	理事長	沈臨龍  先生	90/03/07	02-23515299		台北市中正區羅斯福路1段7號4樓
68	中華民國保全商業同業公會全國聯合會	職業團體	(全國性商業團體-聯合會)	理事長	劉正昆  先生	98/12/17	02-25112830	0980023837	台北市長春路16號3樓
69	中華民國保險代理人商業同業公會	職業團體	(全國性商業同業公會)	理事長	許文通  先生	87/12/17	02-87129492		105台北市松山區長春路442號4樓
70	中華民國保險經紀人公會	職業團體	(全國性自由職業團體)	理事長	吳慶明  先生	96/07/31	02-27495452	內授中社0960015431	台北市南港區南港路2段147號6樓
71	中華民國保險經紀人商業同業公會	職業團體	(全國性商業同業公會)	理事長	李傳晧  先生	88/10/16	02-2517-4939		台北市中山區民權東路三段45號4樓
72	中華民國室內設計裝修商業同業公會全國聯合會	職業團體	(全國性商業團體-聯合會)	理事長	康文昌  先生	81/06/03	02-2735-7580		台北市復興南路2段286號8樓
73	中華民國建築物公共安全檢查商業同業公會全國聯合會	職業團體	(全國性商業團體-聯合會)	理事長	劉進明  先生	100/12/15	02-23651260	1015030252	臺北市中正區羅斯福路3段100號3樓之9
74	中華民國建築經理商業同業公會	職業團體	(全國性商業同業公會)	理事長	曹奮平  先生	87/07/23	(02)23778862		台北市基隆路二段189號12樓之4
75	中華民國律師公會全國聯合會	職業團體	(全國性自由職業團體)	理事長	林國明  先生	37/09/09	02-23312865		台北市重慶南路一段130號5樓
76	中華民國洗衣商業同業公會全國聯合會	職業團體	(全國性商業團體-聯合會)	理事長	王為模  先生	96/01/14	07-7231166		高雄市苓雅區武廟路157-3號
77	中華民國計程車客運商業同業公會全國聯合會	職業團體	(全國性商業團體-聯合會)	理事長	梁平良  先生	94/06/30	(02)2767-3150		台北市光復南路13巷31號4樓
78	中華民國食油商業同業公會全國聯合會	職業團體	(全國性商業團體-聯合會)	理事長	王令一  先生	78/04/12	02-23717702		臺北市忠孝西路1段6號11樓
79	中華民國家具商業同業公會全國聯合會	職業團體	(全國性商業團體-聯合會)	理事長	陳金榮  先生	88/12/27	02-66266688轉213		11494臺北市內湖區舊宗路1段88號
80	中華民國家畜肉類商業同業公會全國聯合會	職業團體	(全國性商業團體-聯合會)	理事長	侯伯岳  先生	87/03/22	04-22809388		台中市東區建興街44號
81	中華民國展覽暨會議商業同業公會	職業團體	(全國性商業同業公會)	理事長	林茂廷  先生	97/06/17	02-26579387		台北市內湖區港墘路185號3樓
82	中華民國旅行商業同業公會全國聯合會	職業團體	(全國性商業團體-聯合會)	理事長	許禓哲  先生	90/10/02	02-27790008		104台北市龍江路23號3樓
83	中華民國旅館商業同業公會全國聯合會	職業團體	(全國性商業團體-聯合會)	理事長	徐銀樹  先生	87/02/25	02-25643733		台北市中山區長春路39號
84	中華民國消防工程器材商業同業公會全國聯合會	職業團體	(全國性商業團體-聯合會)	理事長	張子森  先生	98/10/09	02-23093476		台北市中華路2段459-1號3樓
85	中華民國消防設備師公會全國聯合會	職業團體	(全國性自由職業團體)	理事長	曾順正  先生	95/08/05	02-25064127	內授中社0950702810	台北市中山區長安東路2段63號9樓之1
86	中華民國留學服務商業同業公會	職業團體	(全國性商業同業公會)	理事長	洪世英  女士	94/12/22	（02）2721-3062		台北市復興北路15號1122室
87	中華民國紙器商業同業公會全國聯合會	職業團體	(全國性商業團體-聯合會)	理事長	江文章  先生	99/06/20	04-25262013		臺中市豐原區成功路622號6樓
88	中華民國能源技術服務商業公會	職業團體	(全國性商業同業公會)	理事長	陳輝俊  先生	97/08/14	02-89146171	0970013512	台北縣新店市寶橋路48號6樓之3
89	中華民國記帳士公會全國聯合會	職業團體	(全國性自由職業團體)	理事長	施榮源  先生	96/11/28	07-2220715	內授中社0960019747	高雄市新興區中正三路5勞5樓之9
90	中華民國記帳及報稅代理業務人公會全國聯合會	職業團體	(全國性自由職業團體)	理事長	蔡沼玲  女士	95/05/02	04-7282601		50068彰化縣彰化市泰和中街52號1樓
91	中華民國高壓氣體商業同業公會全國聯合會	職業團體	(全國性商業團體-聯合會)	理事長	徐飛虎  先生	98/08/18	04-25283055		台中縣豐原市中山路252號
92	中華民國專利師公會	職業團體	(全國性自由職業團體)	理事長	蔣大中  先生	98/12/11	02-25642565	內授中社字第0980023635	台北市松江路148號11樓
93	中華民國液化氣體燃料商業同業公會全國聯合會	職業團體	(全國性商業團體-聯合會)	理事長	吳劍勳  先生	96/10/31	05-2890669	0960018614	嘉義縣水上鄉義興村溪州仔8-10號
94	中華民國清潔服務商業同業公會全國聯合會	職業團體	(全國性商業團體-聯合會)	理事長	李冠億  先生	91/11/15	02-27933249	台內中社字第0910031413	台北市松山區八德路4段678號9樓之1
95	中華民國產物保險商業同業公會	職業團體	(全國性商業同業公會)	理事長	戴英祥  先生	87/06/17	(02)2507-1566		台北市南京東路二段125號13樓
96	中華民國票券金融商業同業公會	職業團體	(全國性商業同業公會)	理事長	吳正慶  先生	91/06/18	(02)2516-7416		台北市南京東路2段137號13樓
97	中華民國移民商業同業公會	職業團體	(全國性商業同業公會)	理事長	王權宏  先生	90/07/23	02-27788240		台北市松山區105復興南路一段一號九樓之五
98	中華民國船長公會	職業團體	(全國性自由職業團體)	理事長	林光銘  先生	50/07/08	02-2712-0022		台北市南京東路四段七十五號七樓
99	中華民國船務代理商業同業公會全國聯合會	職業團體	(全國性商業團體-聯合會)	理事長	李健發  先生	79/05/11	(02)2508-0106		台北市建國北路2段3巷15號6樓之2
100	中華民國都市計畫技師公會全國聯合會	職業團體	(全國性自由職業團體)	理事長	張吉宏  先生	94/10/22	02-87128422		台北市一江街60號3樓
101	中華民國魚類商業同業公會全國聯合會	職業團體	(全國性商業團體-聯合會)	理事長	吳鐘添  先生	79/04/18	（07）6179017		高雄市梓官區禮蚵里光明路94號
102	中華民國創業投資商業同業公會	職業團體	(全國性商業同業公會)	理事長	林坤銘  先生	88/05/20	25450075		105台北市民權東路三段142號301室
103	中華民國景觀工程商業同業公會全國聯合會	職業團體	(全國性商業團體-聯合會)	理事長	湛錦源  先生	92/05/24	04-22656750		臺中市忠明南路787號9樓
104	中華民國期貨業商業同業公會	職業團體	(全國性商業同業公會)	理事長	賀鳴珩  先生	93/06/21	02-87737303		台北市忠孝東路4段169號11樓
105	中華民國植物保護商業同業公會全國聯合會	職業團體	(全國性商業團體-聯合會)	理事長	黃耀山  先生	101/08/10	07-6969589	1015065253	高雄市路竹區復興路207號
106	中華民國測繪業商業同業公會	職業團體	(全國性商業同業公會)	理事長	黃煌輝  先生	97/08/26	02-25335681	0970014898	台北市中山區北安路458巷39號3樓
107	中華民國結構工程技師公會全國聯合會	職業團體	(全國性自由職業團體)	理事長	蔡榮根  先生	81/08/29	02-87681117		台北市11070信義區東興路37號7樓
108	中華民國園藝花卉商業同業公會全國聯合會	職業團體	(全國性商業團體-聯合會)	理事長	陳江泗  先生	91/04/16	02-29437081		台北縣中和市景平路115號
109	中華民國塑膠製品商業同業公會全國聯合會	職業團體	(全國性商業團體-聯合會)	理事長	陳忠政  先生	92/09/16	06-2321566		臺南市永康區中華路578巷40號
110	中華民國塗料油漆商業同業公會全國聯合會	職業團體	(全國性商業團體-聯合會)	理事長	賴正庭  	102/09/05	049-2393006		南投市光榮東路68巷64號
111	中華民國會計師公會全國聯合會	職業團體	(全國性自由職業團體)	理事長	羅淑蕾  女士	35/12/25	02-23215041		100台北市中正區南海路1號9樓之1
112	中華民國葬儀商業同業公會全國聯合會	職業團體	(全國性商業團體-聯合會)	理事長	李少成  先生	91/04/12			台北市民權東路2段198號2樓
113	中華民國遊藝場商業同業公會全國聯合會	職業團體	(全國性商業團體-聯合會)	理事長	楊晚得  先生	89/10/20	02-29751896		241台北縣三重市集成路17號3樓
114	中華民國遊覽車客運商業同業公會全國聯合會	職業團體	(全國性商業團體-聯合會)	理事長	徐浩源  先生	73/07/06	（02）23611091		台北市愛國西路9號5樓之9
115	中華民國電影戲劇商業同業公會全國聯合會	職業團體	(全國性商業團體-聯合會)	理事長	許金順  先生	86/01/10	02-2312-1177		台北市中華路一段196號9樓
116	中華民國電器商業同業會公會全國聯合會	職業團體	(全國性商業團體-聯合會)	理事長	張簡敏杰  先生	97/10/13	02-25531880	0970703360	台北市民生西路161號2樓
117	中華民國電機技師公會	職業團體	(全國性自由職業團體)	理事長	彭繼傳  先生	101/03/20		1015056975	
118	中華民國電機技師公會全國聯合會	職業團體	(全國性自由職業團體)	理事長	江長樹  先生	75/05/26	（02）2778-8898		106-91 台北市大安區忠孝東路四段69-10號11F
119	中華民國語言治療師公會全國聯合會	職業團體	(全國性自由職業團體)	理事長	蘇心怡  女士	102/07/14	同上	內授中團字號第1025061762號	同上
120	中華民國銀行商業同業公會全國聯合會	職業團體	(全國性商業團體-聯合會)	理事長	李紀珠  女士	72/08/09	(02)8596-2229		台北市中山區德惠街9號3樓
121	中華民國廢棄物清除處理商業同業公會全國聯合會	職業團體	(全國性商業團體-聯合會)	理事長	林士聖  先生	87/08/05	04-7370022		50096彰化縣彰化市台鳳里一心南街326巷14號
122	中華民國廢機動車輛回收處理商業同業公會全國聯合會	職業團體	(全國性商業團體-聯合會)	理事長	王志遠  先生	101/11/21	04-23817299	1015071440	臺中市南屯區永春南路430巷168號
123	中華民國廚具商業同業公會全國聯合會	職業團體	(全國性商業團體-聯合會)	理事長	曾志明  先生	93/03/13	02-27569872		臺北市信義區中坡北路17號2F
124	中華民國廣告工程商業同業公會全國聯合會	職業團體	(全國性商業團體-聯合會)	理事長	白錫聰  先生	94/12/20	04-22207775	內授中社字第0950000545號	臺中市西區市府路39號7樓之1
125	中華民國廣播商業同業公會	職業團體	(全國性商業同業公會)	理事長	馬長生  先生	98/03/26	02-2507-3322	0980703281	
126	中華民國廣播電視節目製作商業同業公會	職業團體	(全國性商業同業公會)	理事長	俞小佩  先生	96/08/17	02-66003636		台北市內湖區瑞光路34號B1
127	中華民國蔬菜商業同業公會全國聯合會	職業團體	(全國性商業團體-聯合會)	理事長	曾水源  先生	87/07/24	02-24315897		基隆市安樂區麥金路127巷8號
128	中華民國衛星廣播電視事業商業同業公會	職業團體	(全國性商業同業公會)	理事長	練成瑜  先生	95/01/11	02-26595812		台北市瑞湖街39號11樓
129	中華民國輪船商業同業公會全國聯合會	職業團體	(全國性商業團體-聯合會)	理事長	盧峯海  先生	36/07/03	(02) 2311-1230		台北市重慶南路一段10號5樓508室
130	中華民國齒模製造技術員公會全國聯合會	職業團體	(全國性自由職業團體)	理事長	黃基福  先生	90/09/23	05-2815181		嘉義市西區永吉三街29號
131	中華民國橡膠製品商業同業公會全國聯合會	職業團體	(全國性商業團體-聯合會)	理事長	吳施鴻  先生	86/08/22	03-8322889		花蓮縣花蓮市中正路297號1樓
132	中華民國機車商業同業公會全國聯合會	職業團體	(全國性商業團體-聯合會)	理事長	許萬長  先生	94/01/05	07-3872128		高雄市三民區建工路686號
133	中華民國諮商心理師公會全國聯合會	職業團體	(全國性自由職業團體)	理事長	徐西森  先生	99/01/23	03-5712121		新竹市南大路521號1305室
134	中華民國應用地質技師公會全國聯合會	職業團體	(全國性自由職業團體)	理事長	黃鎮臺  先生	86/11/06	02-27093335		台北市新生南路1段140巷13號1樓
135	中華民國營建剩餘土石方資源處理商業同業公會全國聯合會	職業團體	(全國性商業團體-聯合會)	理事長	陳偉國  先生	98/05/20	02-26947677		台北縣汐止市原興路69號4樓
136	中華民國營造工程工業同業公會全國聯合會	職業團體	(全國性工業團體-聯合會)	理事長	潘俊榮  先生	36/07/10	（02）2311-1572		台北市開封街2段40號3樓
137	中華民國營造業專任工程人員公會	職業團體	(全國性自由職業團體)	理事長	陳玉昆  先生	93/12/31	02-87854994		台北市忠孝東路5段623號7樓
138	中華民國營養師公會全國聯合會	職業團體	(全國性自由職業團體)	理事長	蔡玲貞  女士	84/06/10	02-29633530		新北市板橋區館前東路116號2樓之8
139	中華民國環境工程技師公會全國聯合會	職業團體	(全國性自由職業團體)	理事長	楊基振  先生	82/11/20	02-25507826		台北市長安西路342號4樓之1
140	中華民國環境檢驗測定商業同業公會	職業團體	(全國性商業同業公會)	理事長	蔡顯修  先生	88/12/23	03-5531228		新竹縣竹北市中和街55號
141	中華民國臨床心理師公會全國聯合會	職業團體	(全國性自由職業團體)	理事長	蔣世光  先生	94/08/06	03-3369878		桃園市中山路532之1號3樓
142	中華民國職能治療師公會全國聯合會	職業團體	(全國性自由職業團體)	理事長	張自強  先生	90/10/06	02-26101237		台北縣八里鄉華富山33號
143	中華民國轉運商業同業公會全國聯合會	職業團體	(全國性商業團體-聯合會)	理事長	楊爾鏗  先生	37/10/20	02-23926152		台北市北平東路24號5F之2
144	中華民國醫事放射師公會全國聯合會	職業團體	(全國性自由職業團體)	理事長	魏聰文  先生	90/06/23	02-25585191		台北市重慶北路二段35號6樓之1
145	中華民國醫事檢驗生公會全國聯合會	職業團體	(全國性自由職業團體)	理事長	郭寶珍  先生	92/10/18	037-663548		苗栗縣頭份鎮和平路63號
146	中華民國醫事檢驗師公會全國聯合會	職業團體	(全國性自由職業團體)	理事長	吳俊忠  先生	72/01/16	(02)2394-9182		台北市中正區羅斯福路2段70號6樓之2
147	中華民國醫師公會全國聯合會	職業團體	(全國性自由職業團體)	理事長	蘇清泉  先生		02-27527286		台北市安和路1段29號9樓
148	中華民國醫療器材商業同業公會全國聯合會	職業團體	(全國性商業團體-聯合會)	理事長	黃隆盛  先生	100/05/27	02-23711519	1000013606	台北市中正區開封街1段105號4樓之8
149	中華民國寵物商業同業公會全國聯合會	職業團體	(全國性商業團體-聯合會)	理事長	陳明進  先生	100/06/08	02-27393290	1000013716	台北市大安區基隆路2段142-2號2樓
150	中華民國獸醫師公會全國聯合會	職業團體	(全國性自由職業團體)	理事長	郭丑哲  先生	87/09/28	02-23683463		彰化市中央路2號
151	中華民國藥師公會全國聯合會	職業團體	(全國性自由職業團體)	理事長	李蜀平  先生	69/06/28	02-25953856		台北市中山區民權東路一段67號5樓
152	中華民國藥劑生公會全國聯合會	職業團體	(全國性自由職業團體)	理事長	蘇新田  先生	71/03/11	02-27132682		台北市南京東路4段103號7樓
153	中華民國證券投資信託暨顧問商業同業公會	職業團體	(全國性商業同業公會)	理事長	林弘立  先生	87/10/08	2581-7288		台北市中山區長春路145號3樓
154	中華民國證券商業同業公會	職業團體	(全國性商業同業公會)	理事長	簡鴻文  先生	87/04/04	(02)27374721		台北市復興南路2段268號6樓
155	中華民國攝影商業同業公會全國聯合會	職業團體	(全國性商業團體-聯合會)	理事長	鄭華祥  先生	87/09/16	02-29527388		新北市板橋區民權路5巷1弄9號之2
156	中華民國護理師護士公會全國聯合會	職業團體	(全國性自由職業團體)	理事長	盧美秀  女士		02-25502283		103台北市大同區承德路1段70-1號14樓
157	中華民國觀光旅館商業同業公會	職業團體	(全國性商業同業公會)	理事長	賴正鎰  先生	96/01/27	02-287123892	內授中社字第0960001815號	台北市復興北路369號8樓之1
158	台灣加工出口區光學及精密儀器工業同業公會	職業團體	(台灣加工出口區工業團體)	理事長	賴慶森  先生	71/07/26	04-2534-2550		台中縣潭子鄉台中加工出口區南二路22-3號
159	台灣加工出口區金屬品冶製工業同業公會	職業團體	(台灣加工出口區工業團體)	理事長	楊瑞盛  先生	59/06/16	07-3642510		高雄市楠梓加工出口區經2路15號2樓
160	台灣加工出口區塑膠製品工業同業公會	職業團體	(台灣加工出口區工業團體)	理事長	呂金虎  先生	58/02/05	07-3617163	(81)內字第8113862號	高雄市楠梓加工區經四路27號
161	台灣加工出口區電機電子工業同業公會	職業團體	(台灣加工出口區工業團體)	理事長	徐漢忠  先生	58/02/05	(07) 3632250		高雄市楠梓區加昌路600之6號
162	台灣加工出口區綜合工業同業公會	職業團體	(台灣加工出口區工業團體)	理事長	朱立人  先生	58/02/05	07-8319394		高雄市高雄加工出口區北一路7號2樓
163	台灣加工出口區製衣工業同業公會	職業團體	(台灣加工出口區工業團體)	理事長	林淑蓉  女士	58/02/05	07-8215066		高雄市前鎮區高雄加工出口區北一路7號2樓
164	台灣省土木包工商業同業公會聯合會	職業團體	(省級商業團體)	理事長	蔡錦樟  先生	63/12/24	03-8322479		花蓮市光復街63號
165	台灣省土木技師公會	職業團體	(省級自由職業團體)	理事長	施義芳  先生	76/07/27	（02）8961-3968		台北縣板橋市三民路二段37號12樓A3
166	台灣省女子美容商業同業公會聯合會	職業團體	(省級商業團體)	理事長	王順德  先生	68/03/25	(02)2427-7766		基隆市200仁愛區愛三路80號3樓
167	台灣省小客車租賃商業同業公會聯合會	職業團體	(省級商業團體)	理事長	蔡玉泉  先生	78/11/28	037-661176		苗栗縣頭份鎮中華路1514號
168	台灣省工業會	職業團體	(省級工業團體)	理事長	蔡圖晉  先生		02-27074339		台北市敦化南路二段二號三樓之二
169	台灣省工礦安全衛生技師公會	職業團體	(省級自由職業團體)	理事長	黃保順  先生	87/02/08	03-4930034		桃園縣中壢市中央西路二段一六八號二樓
170	台灣省不動產仲介經紀商業同業公會聯合會	職業團體	(省級商業團體)	理事長	丁大海  先生	80/07/04	04-2323-7575		台中市南屯區大墩十四街167號9樓
171	台灣省中藥商業同業公會聯合會	職業團體	(省級商業團體)	理事長	陳仲賢  先生	37/04/30	02-25589020		台北市大同區塔城街39號8樓
172	台灣省五金商業同業公會聯合會	職業團體	(省級商業團體)	理事長	賴德客  	50/02/25	03-4517722		台中市市府路39號6樓之4
173	台灣省公共汽車客運商業同業公會聯合會	職業團體	(省級商業團體)	理事長	蔡佳宏  先生	56/11/01	02-23714213		臺北市信陽街1號3樓
174	台灣省化工原料商業同業公會聯合會	職業團體	(省級商業團體)	理事長	翁金維  	76/06/25	047-525415		彰化市彰草路394巷58號
175	台灣省日用雜貨商業同業公會聯合會	職業團體	(省級商業團體)	理事長	李慶倉  先生	53/07/20	04-22235480		40357台中市柳川西路2段193巷2號
176	台灣省木材商業同業公會聯合會	職業團體	(省級商業團體)	理事長	黃文龍  先生	98/07/17	02-22675560	內授中社字第0980014405號	新北市土城中山路10號
177	台灣省水土保持技師公會	職業團體	(省級自由職業團體)	理事長	王冬成  先生	84/08/08	02-8258-1918		台北縣板橋市文化路二段182巷3弄52號2樓
178	台灣省水利技師公會   (解散)	職業團體	(省級自由職業團體)	理事長	周文祥  先生	76/12/14	02-27039180	省社二自字第019號	台北縣汐止市新台五路1段81號10樓之4
179	台灣省加油站商業同業公會聯合會	職業團體	(省級商業團體)	理事長	陳國丞  先生	79/07/12	04-26323669		台中市沙鹿區中棲路6之6號
180	台灣省布商業同業公會聯合會	職業團體	(省級商業團體)	理事長	廖育晟  先生	66/03/31	04-22277747		台中市中區三民路二段145號5樓之5
181	台灣省皮革製品商業同業公會聯合會	職業團體	(省級商業團體)	理事長	張必慶  先生				嘉義市文化路79號3樓
182	台灣省石油商業同業公會聯合會	職業團體	(省級商業團體)	理事長	徐榮發  先生	53/01/30	08-7324737		屏東縣東市自由路189號
183	台灣省冰果飲品商業同業公會聯合會	職業團體	(省級商業團體)	理事長	陳昌貴  先生	79/01/15	03-5503669		新竹縣竹北市嘉興路235號
184	台灣省印刷商業同業公會聯合會	職業團體	(省級商業團體)	理事長	廖萬來  先生	53/05/20	04-25245265		台中市豐原區中山路252號
185	台灣省地工程技師公會	職業團體	(省級自由職業團體)		  	85/08/16	02-27820022		台北市南港區成功區一段32號4樓之8
186	台灣省米谷商業同業公會聯合會	職業團體	(省級商業團體)	理事長	吳源昌  先生	46/12/02	02-29867375		台北縣三重市中正北路18號4樓之9
187	台灣省自行車商業同業公會聯合會	職業團體	(省級商業團體)	理事長	高清江  先生	38/06/16	04-23727927		台中市西區自由路一段46號
188	台灣省西藥商業同業公會聯合會	職業團體	(省級商業團體)	理事長	許素貞  女士	35/11/25	04-23756949		台中市三民路一段127巷28號
189	台灣省冷凍空調技師公會	職業團體	(省級自由職業團體)	理事長	張中和  先生	82/05/01	(02)2703-0547		台北市大安區(10684)信義路四段25號6樓之2
190	台灣省助聽器商業同業公會聯合會	職業團體	(省級商業團體)	理事長	王淞江  先生				
191	台灣省汽車材料商業同業公會聯合會	職業團體	(省級商業團體)	理事長	陳進法  	77/08/28	03-3320409		桃園市朝陽街47號5樓之3
192	台灣省汽車保養商業同業公會聯合會	職業團體	(省級商業團體)	理事長	王煥宗  先生	75/05/07	(03)5250624		新竹市西大路599巷2弄8號
193	台灣省汽車商業同業公會聯合會	職業團體	(省級商業團體)	理事長	梁郁哲  先生	78/09/09	04-25322591		台中市潭子區中山路2段123號
194	台灣省汽車貨運商業同業公會聯合會	職業團體	(省級商業團體)	理事長	張傳炉  先生	48/08/17	02-27556498		台北市信義路三段162號之30號(七樓)
195	台灣省汽車貨櫃貨運商業同業公會聯合會	職業團體	(省級商業團體)	理事長	鄭榮勳  先生	78/09/01	02-23702103		台北市忠孝西路1段41號13樓之11
196	台灣省汽車路線貨運商業同業公會聯合會	職業團體	(省級商業團體)	理事長	李正義  先生	70/07/08	02-2983-0040		台北縣三重市中正北路61號3樓
197	台灣省汽車輪胎商業同業公會聯合會	職業團體	(省級商業團體)	理事長	康金條  先生	92/07/20	04-22608023		台中市南區福新街110號
198	台灣省男子理燙髮商業同業公會聯合會	職業團體	(省級商業團體)	理事長	張玉香  女士	68/04/02	04-7225202		彰化縣城中北街14號
199	台灣省豆腐商業同業公會聯合會	職業團體	(省級商業團體)	理事長	詹武雄  先生	44/08/25	02-25589633		台北市大同區太原路133巷9號
200	台灣省物理治療生公會   (解散)	職業團體	(省級自由職業團體)	理事長	金黛惠  女士	87/12/20	06-2347346		70166台南市東區小東路356號
201	台灣省物理治療師公會   (解散)	職業團體	(省級自由職業團體)	理事長	范政弘  先生	86/11/09	06-2092500		70141台南市東區林森路一段149號3樓之5
202	台灣省青果商業同業公會聯合會	職業團體	(省級商業團體)	理事長	林賴玉英  女士	77/05/17	03-4934176		桃園縣中壢市五穀街72號
203	台灣省保全商業同業公會聯合會	職業團體	(省級商業團體)	理事長	江清永  先生	97/11/13	04-23121010		台中市漢口路一段54號3樓
204	台灣省室內設計裝修商業同業公會聯合會	職業團體	(省級商業團體)	理事長	羅清源  先生	80/06/25	04-22605159		台中市豐原區成功路157號4樓
205	台灣省建築材料商業同業公會聯合會	職業團體	(省級商業團體)	理事長	吳金成  先生	46/04/15	02-27518834		10556臺北市八德路2段374號7樓4室
206	台灣省建築師公會	職業團體	(省級自由職業團體)	理事長	林大森  先生	61/10/21	04-23160922		台中市台中港路一段400號11樓
207	台灣省洗衣商業同業公會聯合會	職業團體	(省級商業團體)	理事長	張裕隆  先生	57/01/07	05-2386969		嘉義市民生南路169號
208	台灣省玻璃商業同業公會聯合會	職業團體	(省級商業團體)	理事長	呂益成  先生		04-25231464		豐原市中山路252號2樓
209	台灣省砂石商業同業公會聯合會	職業團體	(省級商業團體)	理事長	林光陽  先生	69/03/23	039-551180		宜蘭縣羅東鎮興東路204號
210	台灣省計程車客運商業同業公會聯合會	職業團體	(省級商業團體)		  	63/12/12	02-29522355		台北縣板橋市重慶路226巷1弄1號1樓
211	台灣省食油商業同業公會聯合會	職業團體	(省級商業團體)	理事長	張松茂  先生	65/10/05	04-7299323		50041彰化市城中北街11號
212	台灣省家具商業同業公會聯合會	職業團體	(省級商業團體)	理事長	林健民  先生	62/10/04	02-26433528		221-61台北縣汐止市大同路一段497號
213	台灣省家畜肉類商業同業公會聯合會	職業團體	(省級商業團體)	理事長	蔡人才  先生	47/02/06	04-22809388		台中市東區建興路44號
214	台灣省家禽孵化商業同業公會聯合會	職業團體	(省級商業團體)	理事長	顏瑞進  先生	69/03/07	04-8934480		台中縣神岡鄉神清路107號
215	台灣省旅行商業同業公會聯合會	職業團體	(省級商業團體)	理事長	蕭博仁  先生	82/12/03	06-2410-879		嘉義市山仔頂269之1號
216	台灣省旅館商業同業公會聯合會	職業團體	(省級商業團體)	理事長	劉瑞欉  先生	38/02/22	03-9569066		26550宜蘭縣羅東鎮公正路60號
217	台灣省病媒防治商業同業公會聯合會	職業團體	(省級商業團體)	理事長	吳肯源  先生	93/12/25	06-2585618		台南市文賢路799巷57弄3號
218	台灣省紙器商業同業公會聯合會	職業團體	(省級商業團體)	理事長	周榮顯  先生	84/03/16	04-25262013		台中市豐原區成功路622號6樓
219	台灣省茶商業同業公會聯合會	職業團體	(省級商業團體)	理事長	游濟民  先生	94/06/22	04-23715567		台中市西區三民路1段151號3樓
220	台灣省酒類商業同業公會聯合會	職業團體	(省級商業團體)	理事長	羅天長  先生	99/05/28	04-23820136	0990005649	台中市南屯區嶺東路801之2號
221	台灣省高壓氣體商業同業公會聯合會	職業團體	(省級商業團體)	理事長	陸振佑  先生	82/04/16	04-25283055		台中市豐原區中山路252號
222	台灣省商業會	職業團體	(省級商業團體)	理事長	張榮味  先生	35/09/16	(02)2536-5455		台北市中山區松江路168號13樓
223	台灣省國內輪船商業同業公會聯合會	職業團體	(省級商業團體)	理事長	張玉章  先生	40/05/12	(07)533-3448		高雄市鹽埕區必信街116號4樓之2
224	台灣省教育會	職業團體	(省級自由職業團體)	理事長	李建興  先生	35/06/16	02-2351-9671		台北市青島東路51號2樓
225	台灣省液化氣體燃料商業同業公會聯合會	職業團體	(省級商業團體)	理事長	林添福  先生	69/08/06	049-2222333		南投市藍田街131號
226	台灣省清潔服務商業同業公會聯合會	職業團體	(省級商業團體)	理事長	林享政  先生	90/02/23	(03)437-8137		桃園縣中壢市新中北路239號2樓
227	台灣省烹飪商業同業公會聯合會	職業團體	(省級商業團體)	理事長	劉威宜  先生	46/08/03	04-24737766		南投市民權街24號
228	台灣省船務代理商業同業公會聯合會	職業團體	(省級商業團體)	理事長	林正義  先生	78/11/24	02-24222322		基隆市港西街16號2樓
229	台灣省都市計畫技師公會	職業團體	(省級自由職業團體)	理事長	古昌杰  先生	83/05/28	04-22585380		台中市南屯區惠中路三段10號7樓
230	台灣省魚類商業同業公會聯合會	職業團體	(省級商業團體)	理事長	蔡友年  先生	54/07/27	02-24623181		202基隆市中正路391號111室
231	台灣省景觀工程商業同業公會聯合會	職業團體	(省級商業團體)	理事長	林傳貴  先生	92/02/12	03-4711377		桃園縣龍潭鄉安村文化路983號
232	台灣省植物保護商業同業公會聯合會	職業團體	(省級商業團體)	理事長	謝振松  先生	80/01/23	07-6969589		高雄市路竹區復興路207號
233	台灣省測量技師公會	職業團體	(省級自由職業團體)	理事長	江俊泓  先生	89/07/01	04-22372480		台中市北區進化北路238號10樓之1
234	台灣省結構工程技師公會	職業團體	(省級自由職業團體)	理事長	藍朝卿  先生	83/11/29	02-22547419		台北縣板橋市文化路一段266號21樓之2
235	台灣省進出口商業同業公會聯合會	職業團體	(省級商業團體)	理事長	張燈河  先生	42/09/12	02-27731155		台北市中山區復興北路2號14樓B座
236	台灣省園藝花卉商業同業公會聯合會	職業團體	(省級商業團體)	理事長	林孝澤  先生	84/04/30	04-8830432		彰化縣溪州鄉苗專二路251號
237	台灣省塑膠製品商業同業公會聯合會	職業團體	(省級商業團體)	理事長	范佐達  先生	73/12/21	04-8925107		彰化縣埤頭鄉興工路18號
238	台灣省塗料油漆商業同業公會聯合會	職業團體	(省級商業團體)	理事長	賴正庭  先生	71/04/29	04-24755939		408 台中市向上南路一段162-6號
239	台灣省會計師公會	職業團體	(省級自由職業團體)	理事長	劉昇昌  先生	39/06/15	02-23925077	八五社二字第11950號	台北市中正區南海路1號9樓之1
240	台灣省當舖商業同業公會聯合會	職業團體	(省級商業團體)	理事長	蕭世芳  先生	55/05/25	06-2681864		台南市中華東路3段337號
241	台灣省葬儀商業同業公會聯合會	職業團體	(省級商業團體)	理事長	許永和  先生	90/10/28	02-2251-4438		新竹市北區成德二街40號
242	台灣省裝潢材料商業同業公會聯合會	職業團體	(省級商業團體)	理事長	林瑞宗  先生	79/09/05	03-5220292		彰化縣芬園鄉社口村芬草路2段295號
243	台灣省遊藝場商業同業公會聯合會	職業團體	(省級商業團體)	理事長	楊晚得  先生	87/08/28	02-2974-1049		新北市三重區集成路17號3樓
244	台灣省遊覽車客運商業同業公會聯合會	職業團體	(省級商業團體)	理事長	王魯泉  先生	63/12/12	02-23611091		100台北市愛國西路9號5樓之9
245	台灣省電腦商業同業公會聯合會	職業團體	(省級商業團體)	理事長	謝尚彬  先生	78/01/09	04-8958585		彰化縣二林鎮北平里新生路１５５號2樓
246	台灣省電影戲劇商業同業公會聯合會	職業團體	(省級商業團體)	理事長	尤博生  先生	39/03/01	(02)2312-1177		台北市中華路一段196號8樓
247	台灣省電器商業同業公會聯合會	職業團體	(省級商業團體)	理事長	郭添仁  先生	38/04/01	04-22315068		台中市北區德化街271巷12號4樓
248	台灣省電機技師公會   (解散)	職業團體	(省級自由職業團體)	理事長	簡民濂  先生	74/03/23	04-23275085		台中市西區華美街408號4樓
249	台灣省圖書教育用品商業同業公會聯合會	職業團體	(省級商業團體)	理事長	陳鏗爾  先生	50/08/06	03-5726370		新竹市千甲路120號
250	台灣省製麵商業同業公會聯合會	職業團體	(省級商業團體)	理事長	劉元順  先生	66/03/31	03-3370750		桃園市中華路89號3樓
251	台灣省銀行商業同業公會聯合會	職業團體	(省級商業團體)	理事長	張明道  先生		02-29690555		台北縣板橋市府中路21號
252	台灣省廢棄物清除處理商業同業公會聯合會	職業團體	(省級商業團體)	理事長	林士聖  先生	86/11/25	04-7321-175		彰化市台鳳里一心南街326巷14號
253	台灣省廚具商業同業公會聯合會	職業團體	(省級商業團體)	理事長	許文楨  先生	91/06/08	03-3224116		花蓮是主力里林森路36號
254	台灣省廣告工程商業同業公會聯合會	職業團體	(省級商業團體)	理事長	陳炳輝  先生	81/09/23	089-334935		台東縣台東市傳廣路113號2樓
255	台灣省影音節目發行商業同業公會聯合會	職業團體	(省級商業團體)	理事長	許明良  先生	96/10/16	04-7255-811		彰化市城中北街14號2樓
256	台灣省蔬菜商業同業公會聯合會	職業團體	(省級商業團體)	理事長	呂清吉  先生	86/03/24	02-24315897		基隆市安樂區麥金路127巷8號
257	台灣省橡膠製品商業同業公會聯合會	職業團體	(省級商業團體)	理事長	吳進財  	71/06/18	04-22608023		台中市南區福新街110號
258	台灣省機車商業同業公會聯合會	職業團體	(省級商業團體)	理事長	詹金生  先生	58/04/30	04-22206552		台中市中區三民路二段145號5樓之5
259	台灣省機械技師公會	職業團體	(省級自由職業團體)	理事長	陳英本  先生	84/11/18	06-3313011		台南市東區裕孝路318號
260	台灣省機器商業同業公會聯合會	職業團體	(省級商業團體)	理事長	涂錦榮  先生	76/08/15	02-24255102		基隆市中正區中正路34號九樓之3
261	台灣省磚瓦商業同業公會聯合會	職業團體	(省級商業團體)	理事長	劉東元  先生	72/03/30	037-744115		台灣省磚瓦商業同業公會聯合會
262	台灣省糕餅商業同業公會聯合會	職業團體	(省級商業團體)	理事長	陳正章  先生	37/05/26	02-23314741		108 台北市昆明街96巷6號2樓
263	台灣省餐盒食品商業同業公會聯合會	職業團體	(省級商業團體)	理事長	李均平  	85/06/28	02-29066988		新北市新莊區中正路566號
264	台灣省應用地質技師公會	職業團體	(省級自由職業團體)	理事長	林政德  先生	83/09/15	(02)2709-3335		台北市中山區長春路368號 4樓之1
265	台灣省營建剩餘土石方資源處理商業同業公會	職業團體	(省級商業團體)	理事長	陳顯章  先生	93/02/26	04-22587158		台中市西屯區龍門路127號
266	台灣省環境工程技師公會	職業團體	(省級自由職業團體)	理事長	楊基振  先生	76/12/05	02-25550353		台北市長安西路342號4樓之1
267	台灣省職能治療師公會   (解散)	職業團體	(省級自由職業團體)	理事長	楊國得  先生	88/09/19	04-22393962		台中市北屯區太原路三段1142號
268	台灣省醫事檢驗生公會	職業團體	(省級自由職業團體)	理事長	張春榮  先生	74/09/01	04-22076257		宜蘭縣蘇澳鎮成功路9號
269	台灣省醬類商業同業公會聯合會	職業團體	(省級商業團體)	理事長	楊奕焜  先生	44/11/05	04-7200861		彰化市中山路2段624巷26-3號
270	台灣省雜糧商業同業公會聯合會	職業團體	(省級商業團體)	理事長	鄭志宏  先生	42/09/10	02-25527060		103台北市長安西路342號10樓-1
271	台灣省獸醫師公會	職業團體	(省級自由職業團體)	理事長	郭丑哲  先生	58/10/28	03-3326742		桃園縣桃園市縣府路57號
272	台灣省藥品調製商業同業公會聯合會	職業團體	(省級商業團體)	理事長	王松鎰  先生	49/08/06	04-23756949		彰化縣福興鄉外中村外中街382號
273	台灣省藥師公會   (解散)	職業團體	(省級自由職業團體)	理事長	陳進益  先生	37/04/15	02-25953856		台北市民權東路一段六十七號五樓
274	台灣省藥劑生公會   (解散)	職業團體	(省級自由職業團體)	理事長	黃共集  先生	43/04/28	04-22243742		台中市中山路175巷14號
275	台灣省鐘錶眼鏡商業同業公會聯合會	職業團體	(省級商業團體)		  	48/12/25	03-5248188		新竹市中山路209號
276	台灣省護理師護士公會   (解散)	職業團體	(省級自由職業團體)	理事長	劉麗芳  女士	38/04/05	04-22271420		台中市三民路一段191號8樓之2
277	台灣省鐵路承覽運送商業同業公會聯合會	職業團體	(省級商業團體)	理事長	陳柳豊  先生	38/01/31	02-23926152		台北市中正區北平東路24號5樓之2
278	台灣省鑲牙生公會	職業團體	(省級自由職業團體)	理事長	王龍雄  先生	48/03/27	03-5281997		新竹市中和路91號
279	台灣科學工業園區科學工業同業公會	職業團體	(台灣科學工業園區工業團體)	理事長	沈國榮  先生	72/09/08	03-5775996		30078 新竹科學工業園區展業一路2號
280	台灣區人造奶油工業同業公會	職業團體	(台灣區工業團體)	理事長	陳正文  先生	66/05/21	(02)23415231		台北市大安區復興南路一段390號9樓
281	台灣區人造纖維加工絲工業同業公會〈合併至人造纖維製造公會〉   (解散)	職業團體	(台灣區工業團體)	理事長	劉秋湖  先生	56/04/28	(02)2391-3701		臺北市愛國東路22號12樓(紡拓大樓)
282	台灣區土石採取業同業公會	職業團體	(台灣區礦業團體)	理事長	蔡易霖  先生	94/07/14	039-551180		宜蘭縣羅東鎮興東路204號
283	台灣區大麥製品工業同業公會	職業團體	(台灣區工業團體)	理事長	賴憲德  先生	61/06/22	(02)227198285		105台北市南京東路4段21號6樓之一
284	台灣區工具機暨零組件工業同業公會	職業團體	(台灣區工業團體)	理事長	卓永財  先生	96/10/05	04-23507586		台中市工業區37路27號3樓
285	台灣區不銹鋼餐具製造輸出業同業公會	職業團體	(台灣區輸出業團體)	理事長	陳弘聖  先生	59/04/19	03-2123843		桃園縣蘆竹鄉南崁路1段83號6樓之5
286	台灣區不織布工業同業公會	職業團體	(台灣區工業團體)	理事長	邱正中  先生	67/03/18	02-25580516		台北市中山區南京西路30號5樓
287	台灣區中藥工業同業公會	職業團體	(台灣區工業團體)	理事長	張朝霖  先生	83/03/04	04-7281889		彰化市城中北街11號
288	台灣區手提包輸出業同業公會	職業團體	(台灣區輸出業團體)	理事長	謝明振  先生	67/04/27	02-)2392-5305		100台北市中正區愛國東路22號12樓
289	台灣區木工機器工業同業公會	職業團體	(台灣區工業團體)	理事長	柏時聰  先生	92/11/21	04-25250229		台中縣豐原市信義街155號7F-2
290	台灣區木材輸出業同業公會	職業團體	(台灣區輸出業團體)	理事長	許庚龍  先生	56/04/07	02-89116575		新北市新店區北新路1段135號4樓
291	台灣區毛衣編織工業同業公會	職業團體	(台灣區工業團體)	理事長	陳世昌  先生	62/08/30	02-2394-5216	555936	臺北市愛國東路22號9樓之1
292	台灣區毛紡織工業同業公會	職業團體	(台灣區工業團體)	理事長	吳正宗  先生	42/03/22	(02)23913544		100台北市愛國東路二十二號六樓
293	台灣區水泥工業同業公會	職業團體	(台灣區工業團體)	理事長	張安平  先生	37/04/19	02-27015733		台北市復興南路一段390號8樓之5
294	台灣區水管工程工業同業公會	職業團體	(台灣區工業團體)	理事長	吳鉛煌  先生	52/02/01	02-25072322		台北市中山區伊通街59巷6號1樓
295	台灣區台灣區紙器工業同業公會	職業團體	(台灣區工業團體)	理事長	陳秉和  先生	54/12/09	02-29599394		板橋市民生路1段33號10樓1
296	台灣區玉米類製品工業同業公會	職業團體	(台灣區工業團體)	理事長	林鑫堯  先生	63/07/26	02-23717702		台北市中正區館前路42號2樓
297	台灣區瓦斯器材工業同業公會	職業團體	(台灣區工業團體)	理事長	侯振寬  先生	61/11/03	02-26091185		台北縣林口鄉忠孝路658號
298	台灣區用電設備檢驗維護工程工業同業公會	職業團體	(台灣區工業團體)	理事長	黃慶林  先生	77/03/09	02-23076660		台北市中正區重慶南路3段42號2樓
299	台灣區皮革工業同業公會	職業團體	(台灣區工業團體)	理事長	白志祥  先生	56/07/01	02-25677335		台北市中山區南京西路5-1號6樓之1
300	台灣區皮革製品工業同業公會	職業團體	(台灣區工業團體)	理事長	宋立文  先生	46/06/20	02-8285-7415		新北市五股區凌雲路3段26號之23
301	台灣區石礦業同業公會	職業團體	(台灣區礦業團體)	理事長	呂克甫  先生		2393-5337		台北市林森南路8巷6號2樓
302	台灣區石礦製品工業同業公會	職業團體	(台灣區工業團體)	理事長	林高榮  先生	75/08/26	038-423099		花蓮縣吉安鄉南濱路1段534號5樓
303	台灣區光學工業同業公會	職業團體	(台灣區工業團體)	理事長	李源泉  先生	77/04/16	04-25658010		台中市大雅區中科路6號9樓903、905室（中科工商服務大樓）
304	台灣區合成皮工業同業公會	職業團體	(台灣區工業團體)	理事長	蔡光爵  先生	64/06/25	02-2559-0204		台北市南京西路30號5樓
305	台灣區合成樹脂接著劑工業同業公會	職業團體	(台灣區工業團體)	理事長	黃河清  先生	78/02/17	02-2999-8788		北縣三重市重新路五段609巷14號3樓之6
306	台灣區合板製造輸出業同業公會	職業團體	(台灣區輸出業團體)	理事長	林宸慶  先生	51/11/27	07-3927356		807高雄市三民區九如一路805號9樓
307	台灣區地毯工業同業公會	職業團體	(台灣區工業團體)	理事長	陳世武  先生	57/09/27	(02)2931-3427		嘉義縣朴子市大葛里152-302號
308	台灣區米穀工業同業公會	職業團體	(台灣區工業團體)	理事長	林清棻  先生	78/12/20	02-27121133		台北市南京東路三段303巷六弄1-2號四樓C室
309	台灣區羽毛輸出業同業公會	職業團體	(台灣區輸出業團體)	理事長	陳焜耀  先生	42/09/01	02-7701.6966		台北市民權東路3段58號12樓
310	台灣區自行車輸出業同業公會	職業團體	(台灣區輸出業團體)	理事長	羅祥安  先生	81/12/21	(02)27393311		110 台北市基隆路2段189號5樓
311	台灣區冷凍水產工業同業公會	職業團體	(台灣區工業團體)	理事長	蔡俊雄  先生	65/07/28	07-2411894		高雄市前金區中正四路103號8樓之6
312	台灣區冷凍水產品輸出業同業公會	職業團體	(台灣區輸出業團體)	理事長	謝文欽  先生	57/12/10	02-27657157		臺北市永吉路30巷29號3樓
313	台灣區冷凍肉類工業同業公會	職業團體	(台灣區工業團體)	理事長	陳國訓  先生	63/06/15	(02)2393-2306		台北市大安區金山南路二段18號12樓
314	台灣區冷凍空調工程工業同業公會	職業團體	(台灣區工業團體)	理事長	丁木胤  先生	67/01/12	02-27685423		台北市松山區民生東路五段137巷2號2樓
315	台灣區冷凍食品工業同業公會	職業團體	(台灣區工業團體)	理事長	何宗保  先生		07-2412053		高雄市新興區五福二路147-11號
316	台灣區冷凍蔬果工業同業公會	職業團體	(台灣區工業團體)	理事長	蔡敬虔  先生	63/07/01	(07)2015694		高雄市前金區中正四路103號11樓之1
317	台灣區汽車修理工業同業公會	職業團體	(台灣區工業團體)	理事長	林永清  先生	64/11/24	(02)2596-4217	663981	台北市中山區民權西路27號11樓之2
318	台灣區車體工業同業公會	職業團體	(台灣區工業團體)	理事長	吳進平  先生	90/06/17	06-2500761		台南市中華北路1段386號
319	台灣區乳品工業同業公會	職業團體	(台灣區工業團體)	理事長	楊文隆  先生	68/02/14	02-25318499		104台北市長安東路一段27號4樓
320	台灣區玩具暨兒童用品工業同業公會	職業團體	(台灣區工業團體)	理事長	陳國棟  先生	56/12/02	02-25711264		台北市中山區民生東路一段四二號六樓
321	台灣區花卉輸出業同業公會	職業團體	(台灣區輸出業團體)	理事長	劉月紅  女士	70/04/22	02-23313146		10041台北市忠孝西路1段41號13樓之4
322	台灣區表面處理工業同業公會	職業團體	(台灣區工業團體)	理事長	蔡英標  先生	77/01/28	(02)2777-3610		台北市中山區長安東路二段162號7樓B4
323	台灣區金銀珠寶飾品輸出同業公會	職業團體	(台灣區輸出業團體)	理事長	陳獻門  先生	67/11/25	02-28811177		台北市士林區大北路98號
324	台灣區金屬品冶製工業同業公會	職業團體	(台灣區工業團體)	理事長	張慶修  先生	36/08/15	02-23115650	142	台北市中正區漢口街1段77-1號3樓
325	台灣區金屬資源再生工業同業公會	職業團體	(台灣區工業團體)	理事長	洪瑞峯  先生	74/11/09	07-787-1164		高雄縣大寮鄉大發工業區建民路18號
326	台灣區流體傳動工業同業公會	職業團體	(台灣區工業團體)	理事長	王世忠  先生	79/06/22	02-2723-3768		臺北市信義區信義路五段五號4E-01室
327	台灣區紅糖工業同業公會	職業團體	(台灣區工業團體)	理事長	鄭新錦  先生	35/07/16	02-25554360		台北市長安西路252號2樓
328	台灣區耐火材料工業同業工會	職業團體	(台灣區工業團體)	理事長	王俊登  先生	67/03/28	02-26223681		台北縣淡水鎮水源里鄒厝崙1-11號
329	台灣區食品暨製藥機械工業同業公會	職業團體	(台灣區工業團體)	理事長	歐陽禹  先生	84/04/07	02-27230036		台北市信義路五段5號4A-04室
330	台灣區家具工業同業公會	職業團體	(台灣區工業團體)	理事長	簡國徽  先生	62/09/10	02-27058316		106北市復興南路1段249號6樓
331	台灣區氣體管工程工業同業公會	職業團體	(台灣區工業團體)	理事長	陳永釧  先生		(02)2506-6446		台北市中山區伊通街59巷6號3樓
332	台灣區消防器材工業同業公會	職業團體	(台灣區工業團體)	理事長	吳文進  先生	66/07/18	(02)2301-7423		台北市中華路二段459之一號三樓
333	台灣區珠寶工業同業公會	職業團體	(台灣區工業團體)	理事長	洪明麗  女士	69/05/15	02-25862232		台北市林森北路609號4樓
334	台灣區紡紗工業同業公會	職業團體	(台灣區工業團體)	理事長	陳俊茂  先生	94/08/24	02-23916445		台北市中正區愛國東路22號11樓
335	台灣區航太工業同業公會	職業團體	(台灣區工業團體)	理事長	徐延年  先生	83/08/25	02-27230635		台北市110信義路5段5號4樓B07室
336	台灣區茶輸出業同業公會	職業團體	(台灣區輸出業團體)	理事長	王敏超  先生	40/10/09	2555-2962		台北市甘谷街24號6樓
337	台灣區高壓氣體工業同業公會	職業團體	(台灣區工業團體)	理事長	苗豐盛  先生	60/10/29	(02)27717333		台北市敦化南路1段102號3樓之3
338	台灣區教育用品工業同業公會	職業團體	(台灣區工業團體)	理事長	侯震育  先生	45/06/01	02-23882611		台北市重慶南路一段57號11樓之8
339	台灣區眼鏡工業同業公會	職業團體	(台灣區工業團體)	理事長	郭秋煌  先生	63/04/16	02-25061537		104台北市民權東路2段206號2樓
340	台灣區被服工業同業公會	職業團體	(台灣區工業團體)	理事長	潘元一  先生	41/04/12	02-2766-6661		台北市南京東路5段202號8樓-3
341	台灣區造紙工業同業公會	職業團體	(台灣區工業團體)	理事長	鄭瑛彬  先生	36/09/22	02-25776352		台北市八德路三段20號5樓A區
342	台灣區造船工業同業公會	職業團體	(台灣區工業團體)	理事長	賴杉桂  先生	56/07/01	(02)23122641	31694	台北市中華路一段16號9樓
343	台灣區帽子輸出業同業公會	職業團體	(台灣區輸出業團體)	理事長	呂瑞文  先生	44/10/28	02-2393-7892		台北市中正區愛國東路22號6樓
344	台灣區植物油製煉工業同業公會	職業團體	(台灣區工業團體)	理事長	洪堯昆  	42/04/24	02-25616351		台北市長安東路一段27號6樓
345	台灣區棉布印染整理工業同業公會	職業團體	(台灣區工業團體)	理事長	翁茂鍾  先生	44/09/09	02-23211095	262215	台北市中正區愛國東路22號12樓
346	台灣區絲綢印染整理工業同業公會	職業團體	(台灣區工業團體)	理事長	李肯堂  先生	45/03/25	02-23413201	503335	台北市中正區愛國東路22號12樓
347	台灣區絲織工業同業公會	職業團體	(台灣區工業團體)	理事長	戴宏怡  先生	42/12/09	02-23917815		台北市愛國東路22號6樓
348	台灣區視聽錄音工業同業公會	職業團體	(台灣區工業團體)	理事長	黃銘得  先生	94/08/15	02-27690823		台北市信義區松隆路3號9樓
349	台灣區飲用水設備工業同業公會	職業團體	(台灣區工業團體)	理事長	魏石定  先生	88/07/08	02-25850016		台北市民族西路219號
350	台灣區塑膠袋輸出業同業公會	職業團體	(台灣區輸出業團體)	理事長	高國勝  先生	63/03/27	04-23765577		台中市西區三民路一段151號3樓
351	台灣區塑膠製品工業同業公會	職業團體	(台灣區工業團體)	理事長	蔡明忠  先生	47/02/08	02-27719111		台北市長安東路二段162號8樓
352	台灣區塗料工業同業公會	職業團體	(台灣區工業團體)	理事長	張德雄  先生	41/09/20	(02)2999-3236		新北市三重區重新路5段609巷20號3樓之7
353	台灣區煙火工業同業公會	職業團體	(台灣區工業團體)	理事長	王家祥  先生	71/09/02	05-2681821		嘉義縣水上鄉柳鄉村柳子林179-1號
354	台灣區煤礦業同業公會	職業團體	(台灣區礦業團體)	理事長	邱金標  先生	36/05/15	24588092		基隆市暖暖區源遠路29號
355	台灣區照明燈具輸出業同業公會	職業團體	(台灣區輸出業團體)	理事長	林慶源  先生	78/03/23	﹙02﹚29997739		台北縣三重市重新路五段609巷14號9F之3
356	台灣區裝飾陶瓷輸出業同業公會	職業團體	(台灣區輸出業團體)	理事長	林國盛  	72/04/30	037-233566		苗栗縣銅鑼鄉中正村中興工業區慶興一巷6號
357	台灣區裝飾燈泡燈串輸出業同業公會	職業團體	(台灣區輸出業團體)	理事長	張任生  先生	57/07/12	（02）28123253		台北市重慶北路四段97號3樓
358	台灣區資源再生工業同業公會	職業團體	(台灣區工業團體)	理事長	張復盛  先生	94/01/27	02-2915-1437		231台北縣新店市寶橋路48號6樓之3
359	台灣區遊艇工業同業公會	職業團體	(台灣區工業團體)	理事長	呂佳揚  先生	70/02/07	02-27038481	229243	臺北市大安區敦化南路二段59號14樓之3
360	台灣區電信工程工業同業公會	職業團體	(台灣區工業團體)	理事長	謝聖言  先生	77/04/30	02-27013838		台北市大安區信義路四段1-75號
361	台灣區電氣工程工業同業公會	職業團體	(台灣區工業團體)	理事長	莊敏哲  先生	42/12/31	02-25719236		台北市中山區松江路76號11樓
362	台灣區電氣工業同業公會	職業團體	(台灣區工業團體)	理事長	黃重球  先生	37/10/01	02-23667328	594142	台北市中正區羅斯福路三段二四二號十一樓
363	台灣區電動屠宰工業同業公會	職業團體	(台灣區工業團體)	理事長	陳敦芳  先生	82/07/16	(02)23915790		台北市和平東路1段177號4樓之13
364	台灣區電影製片工業同業公會	職業團體	(台灣區工業團體)	理事長	邱順清  先生	62/04/30	02-25637094		台北市中山區吉林路45號4樓402室
365	台灣區電線電纜工業同業公會	職業團體	(台灣區工業團體)	理事長	孫道存  先生	60/06/05	02-27930358	425318	114台北市內湖區民權東路6段11巷41號3樓
366	台灣區電機電子工業同業公會	職業團體	(台灣區工業團體)	理事長	郭台強  先生	37/10/24	02-8792-6666	8384345	台北市內湖區民權東路六段109號6樓
367	台灣區預拌混凝泥土工業同業公會	職業團體	(台灣區工業團體)	理事長	朱瑞爐  先生	65/05/20	02-29619498		新北市板橋區三民路2段37號13樓
368	台灣區漁網具製造工業同業公會	職業團體	(台灣區工業團體)	理事長	蔡哲仁  先生	77/04/02	07-7453545	594142	高雄市鳳山區經武路268號－4（6樓）
369	台灣區綜合營造工程工業同業公會	職業團體	(台灣區工業團體)	理事長	潘俊榮  先生	37/06/08	02-23813488		台北市開封街2段40號2樓
370	台灣區製冰冷凍冷藏工業同業公會	職業團體	(台灣區工業團體)	理事長	顏永來  先生	56/07/01	04-22235735		台中市中區光復路142號3樓
371	台灣區製衣工業同業公會	職業團體	(台灣區工業團體)	理事長	黃華德  先生	63/02/16	02-23919113	8730186	台北市愛國東路22號8樓
372	台灣區製茶工業同業公會	職業團體	(台灣區工業團體)	理事長	陳振芳  先生	43/04/01	02-25586251		台北市南京西路165號10樓8室
373	台灣區製傘工業同業公會	職業團體	(台灣區工業團體)	理事長	洪希律  先生	63/07/27	(02)2311-7557		台北市和平西路二段149號6樓之4
374	台灣區製鞋工業同業公會	職業團體	(台灣區工業團體)	理事長	賴奇見  先生	67/04/07	02-25066190		台北市中山區104松江路131號13樓
375	台灣區遠洋魷漁船魚類輸出業同業公會	職業團體	(台灣區輸出業團體)	理事長	施教民  先生	76/12/12	07-8117203		高雄市漁港中一路2號3樓之1
376	台灣區遠洋鮪延繩釣漁船魚類輸出業同業公會	職業團體	(台灣區輸出業團體)	理事長	謝文榮  先生	59/06/15	07-8419606		高雄市前鎮區漁港中一路2號3樓之2
377	台灣區遠洋鰹鮪圍網漁船魚類輸出業同業公會	職業團體	(台灣區輸出業團體)	理事長	蔡欣霖  先生	97/07/14	07-8131619		
378	台灣區酸碱工業同業公會	職業團體	(台灣區工業團體)	理事長	陳柏來  先生	36/09/18	02-27023914		10656台北市復興南路一段390號8樓之1
379	台灣區彈簧工業同業公會	職業團體	(台灣區工業團體)	理事長	陳義雄  先生	82/11/10	02 29997280		台北縣三重市重新路5段609巷14號4樓之2
380	台灣區樟腦工業同業公會	職業團體	(台灣區工業團體)	理事長	吳正中  先生	64/05/26	02-23379377		台北市重慶南路3段180號12樓
381	台灣區模具工業同業公會	職業團體	(台灣區工業團體)	理事長	許叙銘  先生	79/10/19	02-29995108		台北縣三重市重新路五段609巷12號6樓之16
382	台灣區樂器工業同業公會	職業團體	(台灣區工業團體)	理事長	黃旭坤  先生	66/03/11	（02）23453312		台北市光復南路505號12樓之11
383	台灣區蔬果輸出業同業公會	職業團體	(台灣區輸出業團體)	理事長	吳清綠  先生	77/07/28	（02）2531-6517		10458台北市新生北路2段31-1號12樓之3
384	台灣區複合材料工業同業公會	職業團體	(台灣區工業團體)	理事長	林柏實  先生	87/04/27	02-27150811		105台北市南京東路三段261號4樓D室
385	台灣區磚瓦工業同業公會	職業團體	(台灣區工業團體)	理事長	易榮昌  先生	64/05/28	04-7293102		彰化市民族路201巷17之2號3樓
386	台灣區鋼線鋼纜工業同業公會	職業團體	(台灣區工業團體)	理事長	張民亭  先生	65/07/31	02-27155032	736560	台北市復興北路369號6樓之7
387	台灣區環境保護工程專業營造業同業公會	職業團體	(台灣區工業團體)	理事長	楊錦松  先生	70/05/05	02-25431099		台北市中山區吉林路24號9樓之5
388	台灣區縫衣機輸出業同業公會	職業團體	(台灣區輸出業團體)	理事長	曾賢長  先生	59/09/15	04~22245712		台中市民權路185號12樓1室
389	台灣區黏性膠帶工業同業公會	職業團體	(台灣區工業團體)	理事長	李志賢  先生	65/01/12	02-2725-2217		台北市信義區信義路五段5號4樓4B13室
390	台灣區織布工業同業公會	職業團體	(台灣區工業團體)	理事長	謝海瑞  先生	44/11/26	02－23911318		台北市愛國東路22號10樓
391	台灣區織襪工業同業公會	職業團體	(台灣區工業團體)	理事長	魏平祺  先生	46/03/09	02-2391-3709		10092 台北市愛國東路22號6樓
392	台灣區舊船解體工程工業同業公會   (解散)	職業團體	(台灣區工業團體)	理事長	周蓮森  先生	60/07/04	(07)2010550		高雄市前金區中華三路5號5樓之一
393	台灣區瀝青工業同業公會	職業團體	(台灣區工業團體)	理事長	許政雄  先生	73/01/06	07-3118662		807高雄市吉林街347號5樓
394	台灣區藝品禮品輸出業同業公會	職業團體	(台灣區輸出業團體)	理事長	瞿訓愷  先生	59/09/09	02-27589390		台北市信義區信義路4段391號11樓之7
395	台灣區鑄造品工業同業公會	職業團體	(台灣區工業團體)	理事長	許深波  先生	84/07/22	02-25012162		台北市伊通街59巷6號4樓
396	台灣區鰻蝦輸出業同業公會	職業團體	(台灣區輸出業團體)	理事長	蔡秋棠  先生	60/02/20	02-25711254		台北市吉林路24號8樓之3
397	台灣區體育用品工業同業公會	職業團體	(台灣區工業團體)	理事長	王淑華  女士	61/04/27	02-2594-1864		台北市10461中山區德惠街22號8樓
398	台灣區鹽漬蔬果輸出業同業公會	職業團體	(台灣區輸出業團體)	理事長	謝文欽  先生		02-2508-1211		台北市長春路172號5樓之2
399	台灣區鑿井工程工業同業公會	職業團體	(台灣區工業團體)	理事長	黃炎興  先生		08-7555202~3		900屏東市武昌街3號
400	台灣陶瓷工業同業公會	職業團體	(台灣區工業團體)	理事長	王桂鳳  女士	49/12/21	02-23959857		100台北市北平東路30號12樓
401	福建省水管工程工業同業會	職業團體	(台灣區工業團體)	理事長	吳神佑  先生	89/03/29	082-372345		金門縣金城鎮伯玉路一段50-1號
402	福建省電氣工程工業同業公會	職業團體	(台灣區工業團體)	理事長	陳宗勇  先生	89/03/29	082-372345		金門路金城鎮伯玉路1段50-1號
403	臺灣化粧品工業同業公會	職業團體	(台灣區工業團體)	理事長	林鴻祐  先生	64/05/15	02-23819700		台北市博愛路136號8樓
404	臺灣手工具工業同業公會	職業團體	(台灣區工業團體)	理事長	吳傳福  先生	66/08/15	04-23580833	762407	臺中市西屯區工業一路6號2號
405	臺灣防水工程專業營造業同業公會	職業團體	(台灣區工業團體)	理事長	謝宗義  先生	97/11/10	02-25062978	內授中社0970018302	台北市南京東路3段9號8樓之2
406	臺灣拉鍊工業同業公會	職業團體	(台灣區工業團體)	理事長	潘黃月琴  女士	69/05/30	02-22789007	31775	新北市三重區重新路5段609巷16號7樓-3
407	臺灣肥皂清潔劑工業同業公會	職業團體	(台灣區工業團體)	理事長	陳逸弘  先生	37/06/08	02-27024441		台北市106大安區復興南路一段390號9樓
408	臺灣染料顏料工業同業公會	職業團體	(台灣區工業團體)	理事長	王世雄  先生	59/08/18	02-27318131		106台北巿大安區復興南路一段137號7樓
409	臺灣省不動產開發商業同業公會聯合會	職業團體	(省級商業團體)	理事長	楊玉全  先生	80/05/10			新竹市公道五路2段415號9樓
410	臺灣省百貨商業同業公會聯合會	職業團體	(省級商業團體)	理事長	蔡文成  先生	56/08/02	05-2251746		嘉義市化路79號3樓
411	臺灣省米穀商業同業公會聯合會	職業團體	(省級商業團體)	理事長	吳源昌  先生				
412	臺灣省刻印商業同業公會聯合會	職業團體	(省級商業團體)	理事長	許欽熏  先生	64/03/22	04-22125880		台中市東區雙十路一段4之33號8樓
413	臺灣省金銀珠寶商業同業公會聯合會	職業團體	(省級商業團體)	理事長	林國強  先生	54/01/08	02-23611245		台北市延平南路61號5樓之6
414	臺灣省消防工程器材商業同業公會聯合會	職業團體	(省級商業團體)	理事長	黃淑玲  女士	97/10/22	08-7323133	0970018352	屏東市博愛路145號
415	臺灣省資源回收商業同業公會聯合會	職業團體	(省級商業團體)	理事長	宋濬宏  先生	53/10/28	06-3036270		台南縣永康市成功路172巷85號
416	臺灣省飼料及動物用藥商業同業公會聯合會	職業團體	(省級商業團體)	理事長	郭弄  先生	59/09/01	04-25245265		台中市大誠街33-1號
417	臺灣省醫療器材商業同業公會聯合會	職業團體	(省級商業團體)	理事長	蔡來旺  先生	99/09/17	06-2658796	內授中社字第0990020902號	台南市南區文南路316號
418	臺灣省攝影商業同業公會聯合會	職業團體	(省級商業團體)	理事長	廖瑞祥  先生	63/03/02	02-2429515		20047基隆市愛三路79號1樓
419	臺灣砂石碎解加工業同業公會	職業團體	(台灣區工業團體)	理事長	林光陽  先生	102/12/26	03-9545889		宜蘭縣羅東鎮興東路204號
420	臺灣庭園景觀工程專業營造業同業公會	職業團體	(台灣區工業團體)	理事長	林新峰  先生	99/08/10	02-25062978	0990017964	台北市南京東路3段9號8樓之2
421	臺灣針織工業同業公會	職業團體	(台灣區工業團體)	理事長	莊振益  先生	38/11/15	02-2394-5121	129	台北市100 愛國東路22號7樓
422	臺灣胺基酸工業同業公會	職業團體	(台灣區工業團體)	理事長	楊坤祥  先生	56/12/30	02-27751892		10666台北市復興南路1段129號14樓
423	臺灣區人造纖維製造工業同業公會	職業團體	(台灣區工業團體)	理事長	詹正田  先生	54/02/24	02-23914151	294	台北市愛國東路22號9樓
424	臺灣區手套工業同業公會	職業團體	(台灣區工業團體)	理事長	徐長鐘  先生	58/07/26	02-23918396	329409	台北市愛國東路22號12樓
425	臺灣區木材工業同業公會	職業團體	(台灣區工業團體)	理事長	許庚龍  先生	37/04/01	02-89116575		新北市新店區北新路1段135號4樓
426	臺灣區毛巾工業同業公會	職業團體	(台灣區工業團體)	理事長	張旭初  先生	41/01/23	02-23210866	013	台北市愛國東路二十二號十二樓
427	臺灣區水泥製品工業同業公會	職業團體	(台灣區工業團體)	理事長	鍾健一  先生	41/09/10	02-23883988		台北市萬華區開封街2段62-1號3樓
428	臺灣區台灣區螺絲工業同業公會	職業團體	(台灣區工業團體)	理事長	陳明昭  先生	58/06/04	02-2506-0918	323059	台北市松江路71號4樓之1
429	臺灣區石油化學工業同業公會	職業團體	(台灣區工業團體)	理事長	陳武雄  先生	66/12/29	02-2707-3175		北市復興南路一段390號9樓之2
430	臺灣區印刷暨機器材料工業同業公會	職業團體	(台灣區工業團體)	理事長	陳金茵  先生	37/09/21	02-2391-9274		台北市仁愛路二段71號6樓A室
431	臺灣區車輛工業同業公會	職業團體	(台灣區工業團體)	理事長	陳國榮  先生	44/08/01	02-27051101		台北市復興南路一段390號9樓之4
432	臺灣區玻璃工業同業公會	職業團體	(台灣區工業團體)	理事長	林伯豐  先生	45/05/31	02-27130381		台北市南京東路3段261號2樓
433	臺灣區動物用醫藥保健工業同業公會	職業團體	(台灣區工業團體)	理事長	陳添寶  先生	61/04/14	02-27045043		10659台北市信義路3段134巷22號5樓
434	臺灣區基礎工程專業營造業同業公會	職業團體	(台灣區工業團體)	理事長	郭晉榮  先生	96/08/09	02-29322345	內授中社字第0960014016號	台北市長安東路1段52之1號4樓
435	臺灣區飲料工業同業公會	職業團體	(台灣區工業團體)	理事長	張斌堂  先生	89/07/27	(02) 2511-5394		台北市中山區10454林森北路119巷52號3樓
436	臺灣區塑膠原料工業同業公會	職業團體	(台灣區工業團體)	理事長	蘇士光  先生	60/09/15	02-25040879		台北市建國北路2段82號4樓
437	臺灣區農機工業同業公會	職業團體	(台灣區工業團體)	理事長	林永富  先生	69/05/23		8528234	25146新北市淡水區淡金路1段1號
438	臺灣區蜜餞工業同業公會	職業團體	(台灣區工業團體)	理事長	莊福松  先生	56/07/01	04-8321006		510彰化縣員林鎮博愛路101號6F-4
439	臺灣區擋土支撐及土方工程專業營造業同業公會	職業團體	(全國性工業團體-聯合會)	理事長	葉建輝  先生			1015934478	台北市中山區林森北路472號地下1樓
440	臺灣區鐘錶工業同業公會	職業團體	(台灣區工業團體)	理事長	唐昇平  先生	61/06/07	(02)25679494		台北市中山區長春路40號11樓之1
441	臺灣區麵粉工業同業公會	職業團體	(台灣區工業團體)	理事長	陳翼宗  先生	41/04/26	02-25010125		台北市民權東路3段6號18樓
442	臺灣區釀造食品工業同業公會	職業團體	(台灣區工業團體)	理事長	鍾淳仁  先生	70/01/28	02-23517726		台北市北平東路24號4樓之3
443	臺灣飼料工業同業公會	職業團體	(台灣區工業團體)	理事長	詹岳霖  先生	55/02/28	02-27028070		台北市復興南路一段368-1號9樓
444	臺灣製藥工業同業公會	職業團體	(台灣區工業團體)	理事長	陳威仁  先生	37/09/21	02-27365838		台北市敦化南路二段267號三樓
445	臺灣橡膠暨彈性體工業同業公會	職業團體	(台灣區工業團體)	理事長	林昇一  先生	37/04/01	02-23512261		台北市寧波東街七號
446	臺灣機械工業同業公會	職業團體	(台灣區工業團體)	理事長	徐秀滄  先生	37/04/28	02-2349-4666	285	台北市懷寧街一一Ｏ號2樓
447	臺灣糖菓餅乾麵食工業同業公會	職業團體	(台灣區工業團體)	理事長	陳正文  先生	59/07/30	02-27041662		10656台北市復興南路1段390號9樓之1
448	臺灣鋼鐵工業同業公會	職業團體	(台灣區工業團體)	理事長	鄒若齊  先生	52/11/30	02-25427900	275	台北市長安東路1段9號10樓
449	臺灣環保暨資源再生設備工業同業公會	職業團體	(台灣區工業團體)	理事長	朱俊彥  先生	77/03/05	02-26628087	8880221	新北市深坑區北深路3段155巷7號9樓
450	臺灣環境衛生用藥工業同業公會	職業團體	(台灣區工業團體)	理事長	陳吉昌  先生	98/04/29	02-66186858	0980008459	臺北市松江路38巷20號4樓
451	臺灣縫製機械工業同業公會	職業團體	(台灣區工業團體)	理事長	徐石淵  	102/10/08	02-29865533	內授中團字第1025062391	新北市三重區大智街138號2樓
452	臺灣醫療暨生技器材工業同業公會	職業團體	(台灣區工業團體)	理事長	郭義松  先生	42/02/03	02-29956099		新北市三重區重新路5段609巷6號3樓之3
453	臺灣罐頭食品工業同業公會	職業團體	(台灣區工業團體)	理事長	吳天賜  先生	43/12/06	(02)2502-2666		台北市中山區民生東路2段170號7樓
